friendly	mangled	vtable_rva	subobj_off	col_rva	td_rva	vt0_func_rva
AccessibilityOptions	.?AVAccessibilityOptions@@	0x62657C0	0	0x6EFF6D0	0x8AFABD0	0x32223B0
AccessibilityPresets	.?AVAccessibilityPresets@@	0x63AA750	0	0x6FE4918	0x8B989F8	0x385C150
AccoladeCategoriesScene	.?AVAccoladeCategoriesScene@@	0x62496D0	0	0x6EED2D0	0x8AEF838	0x3135920
AccoladeItemsScene	.?AVAccoladeItemsScene@@	0x631C580	0	0x6F86000	0x8B493D8	0x35BBF60
AdjustTimeLimitSettings	.?AVAdjustTimeLimitSettings@@	0x62D1A70	0	0x6F4D900	0x8B27998	0x341F040
AdvancedAuctionSearchPopup	.?AVAdvancedAuctionSearchPopup@@	0x6348418	0	0x6FA2DF0	0x8B5A4F0	0x3670420
AdvancedControllerOptions	.?AVAdvancedControllerOptions@@	0x6402D60	0	0x70278A0	0x8BC41E8	0x3A8C7E0
AnyButtonPressedPopup	.?AVAnyButtonPressedPopup@@	0x62C5808	0	0x6F48500	0x8B244A8	0x33F8970
ARActivation	.?AVARActivation@@	0x6351070	0	0x6FA7198	0x8B5B720	0x368F830
ARBillboard	.?AVARBillboard@@	0x6365830	0	0x6FABD00	0x8B5E970	0x36BCE40
ARCheckpoint	.?AVARCheckpoint@@	0x6366188	0	0x6FABFC8	0x8B5E998	0x36BCE90
ARFlagRush	.?AVARFlagRush@@	0x6366AE0	0	0x6FAC298	0x8B5E9C0	0x36BCEE0
ARRaceEncounterActivation	.?AVARRaceEncounterActivation@@	0x62E7A60	0	0x6F60D28	0x8B34498	0x34ADAD0
AssistOptions	.?AVAssistOptions@@	0x63346A0	0	0x6F94270	0x8B50EA0	0x362FBD0
AuctionHouseMenuTiled	.?AVAuctionHouseMenuTiled@@	0x62FCCC0	0	0x6F6FCF8	0x8B3DC10	0x351D620
AuctionHouseViewCar	.?AVAuctionHouseViewCar@@	0x6335F78	0	0x6F94578	0x8B50EC8	0x362FC90
AuctionListings	.?AVAuctionListings@@	0x627B318	0	0x6F10B78	0x8B05D80	0x3296D90
AuctionOptionsPopup	.?AVAuctionOptionsPopup@@	0x6367438	0	0x6FAB0F0	0x8B5E8B8	0x36BCF30
AuctionSearchPopup	.?AVAuctionSearchPopup@@	0x6347A88	0	0x6FA2B08	0x8B5A4C0	0x36704B0
AuctionStartPopup	.?AVAuctionStartPopup@@	0x63D62C0	0	0x700A1B0	0x8BB1150	0x3991440
AudioOptions	.?AVAudioOptions@@	0x6266558	0	0x6EFFB70	0x8AFAC60	0x3222440
AutoUpgrade	.?AVAutoUpgrade@@	0x641DAB0	0	0x7032E60	0x8BCB048	0x3AD8900
AutovistaUIScene	.?AVAutovistaUIScene@@	0x6444290	0	0x7054768	0x8BDFEB8	0x3C0E380
BarnFindBlueprintPopupRoot	.?AVBarnFindBlueprintPopupRoot@@	0x6308870	0	0x6F79590	0x8B41A38	0x35563A0
BarnFindBlueprintReceiverSummaryRoot	.?AVBarnFindBlueprintReceiverSummaryRoot@@	0x6309E30	0	0x6F77988	0x8B41818	0x35564D0
BaseCampaignMenu	.?AVBaseCampaignMenu@@	0x63F03E8	0	0x701D808	0x8BBC038	0x3A2DC50
BaseCampaignSetupRoot	.?AVBaseCampaignSetupRoot@@	0x63AB190	0	0x6FE76E8	0x8B98A50	0x385C400
BaseLeaderboard	.?AVBaseLeaderboard@@	0x62673F0	0	0x6F02AB8	0x8AFACB8	0x32225A0
BaseLoadingScreen	.?AVBaseLoadingScreen@@	0x627BD40	0	0x6F13318	0x8B05F00	0x3296E00
BaseOptions	.?AVBaseOptions@@	0x63CA570	0	0x7001C68	0x8AFAC00	0x3947C70
BCDEndScreen	.?AVBCDEndScreen@@	0x62E83B8	0	0x6F5F2D0	0x8B342D0	0x34ADB20
BenchmarkResults	.?AVBenchmarkResults@@	0x63177F0	0	0x6F80AA0	0x8B45CF8	0x3583340
BlueprintSearchPopup	.?AVBlueprintSearchPopup@@	0x62F2478	0	0x6F6BC20	0x8B3AB50	0x34EB960
BucketListBlueprintCarousel	.?AVBucketListBlueprintCarousel@@	0x63CB700	0	0x6FFEF18	0x8BABAB0	0x3947CF0
BucketlistBlueprintMap	.?AVBucketlistBlueprintMap@@	0x6421A90	0	0x703C2D8	0x8BD0C90	0x3B27440
BucketListBlueprintMusicSelect	.?AVBucketListBlueprintMusicSelect@@	0x63C9AF8	0	0x6FFF1F0	0x8BABAE8	0x3947D90
BucketListBlueprintShareOptions	.?AVBucketListBlueprintShareOptions@@	0x63EF1B0	0	0x7019EE0	0x8BBBFA8	0x3A2DCA0
BucketListBlueprintSkillSelect	.?AVBucketListBlueprintSkillSelect@@	0x6296E20	0	0x6F22FD8	0x8B0FED0	0x331DA50
BucketListBlueprintTypeSelect	.?AVBucketListBlueprintTypeSelect@@	0x62F2DF8	0	0x6F69C68	0x8B3A8E8	0x34EBA30
BucketListBrowser	.?AVBucketListBrowser@@	0x63CC0D0	0	0x6FFF4C0	0x8BABB20	0x3947DE0
BucketListChallengeCreationHud	.?AVBucketListChallengeCreationHud@@	0x6403908	0	0x7027BA8	0x8BC4218	0x3A8C8D0
BucketListFinishResult	.?AVBucketListFinishResult@@	0x63CE6E0	0	0x6FFF798	0x8BABB48	0x3947F50
BucketListLeaderboard	.?AVBucketListLeaderboard@@	0x6267D80	0	0x6EFFE78	0x8AFAC88	0x32225F0
BucketListSettings	.?AVBucketListSettings@@	0x62D2428	0	0x6F4CF50	0x8B278E0	0x341F140
BucketListSuper7	.?AVBucketListSuper7@@	0x63CCA80	0	0x6FFFA68	0x8BABB78	0x3947FA0
BucketListSuper7HighStakes	.?AVBucketListSuper7HighStakes@@	0x63CD488	0	0x6FFFD48	0x8BABBA0	0x3948010
BucketListWaitForFinish	.?AVBucketListWaitForFinish@@	0x632F3F8	0	0x6F8FA68	0x8B4EBA0	0x35F5500
CameraTest	.?AVCameraTest@@	0x63368F8	0	0x6F972D8	0x8B511C0	0x362FDB0
CampaignBlueprintSelectEventSignUp	.?AVCampaignBlueprintSelectEventSignUp@@	0x62DD158	0	0x6F56838	0x8B2D650	0x34613C0
CampaignBlueprintSelectImport	.?AVCampaignBlueprintSelectImport@@	0x62DF838	0	0x6F574D8	0x8B2D770	0x3461410
CampaignBlueprintSelectMyEvents	.?AVCampaignBlueprintSelectMyEvents@@	0x62DEE80	0	0x6F571F8	0x8B2D738	0x3461460
CampaignBlueprintSelectPauseMenu	.?AVCampaignBlueprintSelectPauseMenu@@	0x62DDB10	0	0x6F56C38	0x8B2D6C8	0x34614B0
CampaignBlueprintSelectShowroom	.?AVCampaignBlueprintSelectShowroom@@	0x62DE4C8	0	0x6F56F18	0x8B2D700	0x3461500
CampaignEventSelect	.?AVCampaignEventSelect@@	0x631D3B8	0	0x6F865E0	0x8B49430	0x35BBFB0
CampaignProgressFestivalSelectScene	.?AVCampaignProgressFestivalSelectScene@@	0x6351A18	0	0x6FA5B18	0x8B5B5A0	0x368F880
CampaignProgressUpgradeSelectScene	.?AVCampaignProgressUpgradeSelectScene@@	0x62E1D00	0	0x6F577B8	0x8B2D7A8	0x34616C0
CampaignRouteSelect	.?AVCampaignRouteSelect@@	0x63A0680	0	0x6FDD468	0x8B944E8	0x381F350
CampaignRouteSettings	.?AVCampaignRouteSettings@@	0x6438EA0	0	0x704E1C8	0x8BDB050	0x3BCF780
CampaignSetupRoot	.?AVCampaignSetupRoot@@	0x63ABC00	0	0x6FE4BF8	0x8B98A28	0x385C4C0
CampaignSlotMenu	.?AVCampaignSlotMenu@@	0x63F1718	0	0x701A1B8	0x8BBBFE0	0x3A2DD10
CapturingInputPopup	.?AVCapturingInputPopup@@	0x63B18A0	0	0x6FE6148	0x8B98B80	0x385C590
CarClassRestrictionsSelect	.?AVCarClassRestrictionsSelect@@	0x63000E0	0	0x6F70030	0x8B3DC40	0x351D670
CarCollection	.?AVCarCollection@@	0x631EE90	0	0x6F868B0	0x8B49460	0x35BC0F0
CarColorListAdvancedPopup	.?AVCarColorListAdvancedPopup@@	0x63D7048	0	0x700A490	0x8BB1178	0x3991520
CarColorSelect	.?AVCarColorSelect@@	0x6422468	0	0x703C5C0	0x8BD0CC0	0x3B27500
CareerChallenges	.?AVCareerChallenges@@	0x631E3E0	0	0x6F86300	0x8B49408	0x35BC140
CarHistory	.?AVCarHistory@@	0x62FDA78	0	0x6F72120	0x8B3DEF8	0x351D710
CarHornSelect	.?AVCarHornSelect@@	0x630AD30	0	0x6F77C60	0x8B41858	0x35566A0
CarRestrictionsSelect	.?AVCarRestrictionsSelect@@	0x62FF740	0	0x6F70428	0x8B3DCA8	0x351DB80
CarSelectBarnFinds	.?AVCarSelectBarnFinds@@	0x6337250	0	0x6F94858	0x8B50EF8	0x362FE50
CarSelectBlueprintAdvanced	.?AVCarSelectBlueprintAdvanced@@	0x6384550	0	0x6FC9288	0x8B86640	0x3770C10
CarSelectBlueprintView	.?AVCarSelectBlueprintView@@	0x6384F28	0	0x6FC9568	0x8B86678	0x3770CC0
CarSelectBuy	.?AVCarSelectBuy@@	0x6284188	0	0x6F15E00	0x8B08158	0x32C1060
CarSelectBuyFestivalUpgrade	.?AVCarSelectBuyFestivalUpgrade@@	0x63AC6B8	0	0x6FE5000	0x8B98A80	0x385C5E0
CarSelectBuyHorizonRecommends	.?AVCarSelectBuyHorizonRecommends@@	0x63A10B8	0	0x6FDD750	0x8B94518	0x381F3F0
CarSelectBuyPresets	.?AVCarSelectBuyPresets@@	0x6286D50	0	0x6F160D8	0x8B08180	0x32C10B0
CarSelectCareerBuy	.?AVCarSelectCareerBuy@@	0x63A1A88	0	0x6FDDA30	0x8B94550	0x381F440
CarSelectCareerGarage	.?AVCarSelectCareerGarage@@	0x6439828	0	0x704CBE0	0x8B08270	0x3BCF850
CarSelectCarPass	.?AVCarSelectCarPass@@	0x63858E8	0	0x6FC9848	0x8B866A8	0x3770D30
CarSelectConfirmE3	.?AVCarSelectConfirmE3@@	0x62F3798	0	0x6F69F48	0x8B3A920	0x34EBA80
CarSelectDestinationBuy	.?AVCarSelectDestinationBuy@@	0x6284B58	0	0x6F16980	0x8B08208	0x32C1100
CarSelectDestinationGarage	.?AVCarSelectDestinationGarage@@	0x62859B0	0	0x6F16C60	0x8B08238	0x32C1150
CarSelectDiscover	.?AVCarSelectDiscover@@	0x6286380	0	0x6F17060	0x8B082A0	0x32C11A0
CarSelectGarage	.?AVCarSelectGarage@@	0x63E4C48	0	0x7012510	0x8BB6B60	0x39D8490
CarSelectGarageGift	.?AVCarSelectGarageGift@@	0x63AD088	0	0x6FE52E0	0x8B98AB8	0x385C630
CarSelectGarageHorizonRecommends	.?AVCarSelectGarageHorizonRecommends@@	0x6287720	0	0x6F17340	0x8B082C8	0x32C11F0
CarSelectIEBuy	.?AVCarSelectIEBuy@@	0x63862A8	0	0x6FC9B28	0x8B866D0	0x3770D80
CarSelectInfoLabel	.?AVCarSelectInfoLabel@@	0x63523A0	0	0x6FA7468	0x8B5B748	0x368F940
CarSelectLiveryAllCars	.?AVCarSelectLiveryAllCars@@	0x63D8EC0	0	0x70088F0	0x8BB0F78	0x3991610
CarSelectLiveryBase	.?AVCarSelectLiveryBase@@	0x63D7B40	0	0x700B840	0x8BB0FA8	0x3991660
CarSelectLiveryGarage	.?AVCarSelectLiveryGarage@@	0x63D8500	0	0x7008CF0	0x8BB0FD8	0x39916B0
CarSelectLobby	.?AVCarSelectLobby@@	0x6404338	0	0x702ABD8	0x8B3DD00	0x3A8CA10
CarSelectLoyaltyRewards	.?AVCarSelectLoyaltyRewards@@	0x6338120	0	0x6F94B38	0x8B50F28	0x362FF20
CarSelectOnlineEliminatorGarage	.?AVCarSelectOnlineEliminatorGarage@@	0x6406A78	0	0x7028160	0x8BC4280	0x3A8CAB0
CarSelectOnlineFreeRoam	.?AVCarSelectOnlineFreeRoam@@	0x6404D08	0	0x7027E78	0x8BC4250	0x3A8CBB0
CarSelectPhotoCollection	.?AVCarSelectPhotoCollection@@	0x627C7B0	0	0x6F10E50	0x8B05DA8	0x3296EE0
CarSelectPrivateRoadTripLeader	.?AVCarSelectPrivateRoadTripLeader@@	0x64060A8	0	0x7028440	0x8BC42B8	0x3A8CC50
CarSelectRivals	.?AVCarSelectRivals@@	0x6300C40	0	0x6F70708	0x8B3DCD8	0x351DC20
CarSelectRoadTrip	.?AVCarSelectRoadTrip@@	0x64056D8	0	0x7028858	0x8BC42F0	0x3A8CCA0
CarSelectTrending	.?AVCarSelectTrending@@	0x62880F0	0	0x6F166A0	0x8B081E0	0x32C1240
CarSetupSceneBase	.?AVCarSetupSceneBase@@	0x62E8D10	0	0x6F64620	0x8B35DF0	0x34ADC10
CarView	.?AVCarView@@	0x6318E88	0	0x6F80D68	0x8B45D20	0x3583440
CarViewBase	.?AVCarViewBase@@	0x6318530	0	0x6F82A20	0x8B45D40	0x3583490
CarViewNoBack	.?AVCarViewNoBack@@	0x631A140	0	0x6F81448	0x8B45D90	0x35834E0
CarViewPauseMenu	.?AVCarViewPauseMenu@@	0x63197E8	0	0x6F81168	0x8B45D68	0x3583530
ChallengeCardSearchPopup	.?AVChallengeCardSearchPopup@@	0x62F4108	0	0x6F6BF00	0x8B3AB80	0x34EBAF0
ChallengeCardSlotMenu	.?AVChallengeCardSlotMenu@@	0x63F6110	0	0x701A6D8	0x8BBC060	0x3A2DE40
ChampionshipStandingsBase	.?AVChampionshipStandingsBase@@	0x6407560	0	0x702AD90	0x8BBC1F8	0x3A8CCF0
CharacterCustomisation	.?AVCharacterCustomisation@@	0x63C5AB8	0	0x6FFA348	0x8BA82C0	0x38FE610
ChatLog	.?AVChatLog@@	0x63A2498	0	0x6FDDD18	0x8B94580	0x381F490
CinematicsTest	.?AVCinematicsTest@@	0x63D98B8	0	0x700AD68	0x8BB1200	0x3991700
CinematicUIVideoPanel	.?AVCinematicUIVideoPanel@@	0x6367DD8	0	0x6FAC568	0x8B5E9E8	0x36BD450
ClubLevelLeaderboard	.?AVClubLevelLeaderboard@@	0x6288D98	0	0x6F17620	0x8B08300	0x32C13A0
ClubsMenu	.?AVClubsMenu@@	0x63ADAA0	0	0x6FE55B8	0x8B98AE8	0x385C720
CommunityUpdateSellSheet	.?AVCommunityUpdateSellSheet@@	0x624AA78	0	0x6EEEE60	0x8AEF8E8	0x3135DB0
ContentHighlightSheet	.?AVContentHighlightSheet@@	0x6320420	0	0x6F86BD8	0x8B49488	0x35BC190
ControllerPairing	.?AVControllerPairing@@	0x63750F8	0	0x6FB6DA0	0x8B65630	0x36F2A20
ControllerTest	.?AVControllerTest@@	0x6321080	0	0x6F88CA0	0x8B49690	0x35BC1E0
CopterAnyButtonPressedPopup	.?AVCopterAnyButtonPressedPopup@@	0x62C6168	0	0x6F487D0	0x8B244D8	0x33F8A10
CopterHud	.?AVCopterHud@@	0x6407F18	0	0x7028A10	0x8BC4318	0x3A8CD80
CUpgradeWizardSearch	.?AVCUpgradeWizardSearch@@	0x641D158	0	0x7033850	0x8BCB070	0x3AD8A60
CustomAdventureSettings	.?AVCustomAdventureSettings@@	0x6339540	0	0x6F99168	0x8B50FB0	0x362FFF0
DangerSignLeaderboard	.?AVDangerSignLeaderboard@@	0x6268730	0	0x6F00278	0x8AFACE0	0x32226F0
DestinationMenu	.?AVDestinationMenu@@	0x642F750	0	0x7043FE8	0x8BD6640	0x3B82BA0
DigitalGauge	.?AVDigitalGauge@@	0x63AF2E8	0	0x6FE69F0	0x8B98C08	0x385C770
DriftZoneLeaderboard	.?AVDriftZoneLeaderboard@@	0x643A308	0	0x704CD98	0x8BDAEF0	0x3BCF960
EliminatorAnnouncement	.?AVEliminatorAnnouncement@@	0x6291888	0	0x6F20310	0x8B0E870	0x32F74C0
EmptySceneWithContinue	.?AVEmptySceneWithContinue@@	0x62E9690	0	0x6F5F868	0x8B34328	0x34ADC60
EmptySceneWithSpinner	.?AVEmptySceneWithSpinner@@	0x62922D8	0	0x6F206F0	0x8B0E8D0	0x32F75F0
EventAdditionalInfo	.?AVEventAdditionalInfo@@	0x62690E8	0	0x6F00558	0x8AFAD10	0x3222810
EventLabMenuTiled	.?AVEventLabMenuTiled@@	0x6338B30	0	0x6F94E18	0x8B50F58	0x3630040
ExpansionInstallOptions	.?AVExpansionInstallOptions@@	0x62C6AC8	0	0x6F46A78	0x8B24290	0x33F8A60
ExpansionUpsell	.?AVExpansionUpsell@@	0x62F5418	0	0x6F6A220	0x8B3A950	0x34EBBF0
ExpeditionsLeaderboard	.?AVExpeditionsLeaderboard@@	0x6269A70	0	0x6F00830	0x8AFAD40	0x32228F0
FestivalPassScene	.?AVFestivalPassScene@@	0x63871E0	0	0x6FC9E10	0x8B866F8	0x3771040
FestivalSeriesHistory	.?AVFestivalSeriesHistory@@	0x6297D30	0	0x6F232B0	0x8B0FF08	0x331DD20
FestivalSiteUpgrade	.?AVFestivalSiteUpgrade@@	0x62E9FE8	0	0x6F60FF8	0x8B344C8	0x34ADD00
FestivalUnlockedTitle	.?AVFestivalUnlockedTitle@@	0x62EB298	0	0x6F5FB38	0x8B34358	0x34ADD50
FlairSelection	.?AVFlairSelection@@	0x6298A60	0	0x6F24F20	0x8B100C0	0x331DD70
FMVLoading	.?AVFMVLoading@@	0x6430428	0	0x70442F8	0x8BD6668	0x3B82C50
FollowedPlayers	.?AVFollowedPlayers@@	0x62899A8	0	0x6F178F8	0x8B08330	0x32C1540
ForcedReboot	.?AVForcedReboot@@	0x62A9E00	0	0x6F301E0	0x8B16218	0x3353840
ForzaEventsOverview	.?AVForzaEventsOverview@@	0x62995B8	0	0x6F23580	0x8B0FF38	0x331DE10
ForzaEventsShop	.?AVForzaEventsShop@@	0x625FBE0	0	0x6EFA3B8	0x8AF7EF8	0x319B8A0
ForzaScene	.?AVForzaScene@@	0x634FD20	0	0x6FA7738	0x8AEF898	0x368FA40
ForzaSceneWithBack	.?AVForzaSceneWithBack@@	0x6350718	0	0x6FA7978	0x8AEF868	0x368FA90
GenericMenu	.?AVGenericMenu@@	0x62D3020	0	0x6F4FC00	0x8B280F8	0x341F240
GiftSummaryReceiver	.?AVGiftSummaryReceiver@@	0x63094C0	0	0x6F79860	0x8B41A70	0x35567D0
GiftSummarySender	.?AVGiftSummarySender@@	0x6307EF8	0	0x6F79C78	0x8B41AC8	0x3556860
HallOfFameBannerScene	.?AVHallOfFameBannerScene@@	0x644B1E8	0	0x705B038	0x8BE4398	0x3C3DE30
HallOfFameLeaderboard	.?AVHallOfFameLeaderboard@@	0x626A418	0	0x6F00B08	0x8AFAD70	0x32229F0
HorizonStoriesChapterSelect	.?AVHorizonStoriesChapterSelect@@	0x62F5E28	0	0x6F6A618	0x8B3A9A0	0x34EBC50
HorizonStoriesSlotMenu	.?AVHorizonStoriesSlotMenu@@	0x63F84F8	0	0x701B098	0x8BBC138	0x3A2DF20
HorizonStoriesSlotMenuBase	.?AVHorizonStoriesSlotMenuBase@@	0x63F6D28	0	0x701F1D0	0x8BBC100	0x3A2DF70
HorizonStoriesSoloCoopSlotMenu	.?AVHorizonStoriesSoloCoopSlotMenu@@	0x63F9598	0	0x701ACA0	0x8BBC0C8	0x3A2E060
HorizonStoryLockedPopup	.?AVHorizonStoryLockedPopup@@	0x626ADA8	0	0x6F00DE8	0x8AFADA0	0x3222AF0
HorizonTourFlyerView	.?AVHorizonTourFlyerView@@	0x63306B8	0	0x6F8FD38	0x8B4EBD0	0x35F57D0
Hud	.?AVHud@@	0x6321AF8	0	0x6F86EB0	0x8B494B8	0x35BC330
HudOptions	.?AVHudOptions@@	0x63B0048	0	0x6FE5898	0x8B98B08	0x385C910
InGameAnnouncement	.?AVInGameAnnouncement@@	0x62E2708	0	0x6F57AC0	0x8B0E8A0	0x3461930
InitialDriveSeasonTransition	.?AVInitialDriveSeasonTransition@@	0x62EBBF8	0	0x6F5FE10	0x8B34388	0x34ADDC0
InitialDriveSeasonTransitionFMV	.?AVInitialDriveSeasonTransitionFMV@@	0x63883F0	0	0x6FCA0E0	0x8B86720	0x3771230
InputOptions	.?AVInputOptions@@	0x63B0E38	0	0x6FE5BA8	0x8B98B30	0x385C9D0
InstallHoGPopup	.?AVInstallHoGPopup@@	0x62EC550	0	0x6F600E0	0x8B343C0	0x34ADE10
InWorldCarSelect	.?AVInWorldCarSelect@@	0x6409720	0	0x7028CE0	0x8BC4338	0x3A8D170
LanguageSelect	.?AVLanguageSelect@@	0x62AA768	0	0x6F304A8	0x8B16240	0x3354000
LayerGridIconPopup	.?AVLayerGridIconPopup@@	0x62C4E90	0	0x6F49040	0x8B24568	0x33F8F30
LicensePlateCustomisation	.?AVLicensePlateCustomisation@@	0x6445C80	0	0x7054A40	0x8BDFEE0	0x3C0EC40
LimitedHud	.?AVLimitedHud@@	0x6322558	0	0x6F8A170	0x8B49508	0x35BC430
LimitedHudANNAIntro	.?AVLimitedHudANNAIntro@@	0x6323818	0	0x6F87178	0x8B494D8	0x35BC480
LimitedHUDE3Video	.?AVLimitedHUDE3Video@@	0x6324AC8	0	0x6F8A328	0x8B4A000	0x35BC3E0
LimitedHudMinorNotification	.?AVLimitedHudMinorNotification@@	0x6322EC0	0	0x6F87560	0x8B49530	0x35BC4D0
LimitedPressButtonPrompt	.?AVLimitedPressButtonPrompt@@	0x6324170	0	0x6F87830	0x8B49568	0x35BC520
LiveryBackground	.?AVLiveryBackground@@	0x639FC40	0	0x6FDE2C8	0x8B945D8	0x381F730
LiveryColorSelect	.?AVLiveryColorSelect@@	0x6415950	0	0x7033258	0x8BCB0A0	0x3AD8AB0
LiveryLayerPosition	.?AVLiveryLayerPosition@@	0x63DA6B0	0	0x7008FD0	0x8BB1008	0x3991910
LiveryLayerSelect	.?AVLiveryLayerSelect@@	0x63B62A0	0	0x6FED538	0x8B9D958	0x38B0B30
LiveryModeSelect	.?AVLiveryModeSelect@@	0x63B8530	0	0x6FED818	0x8B9D980	0x38B0B80
LiveryPaintSelect	.?AVLiveryPaintSelect@@	0x63B9D50	0	0x6FEDAF8	0x8B9D9A8	0x38B0DA0
LiverySaveOnExit	.?AVLiverySaveOnExit@@	0x6422E08	0	0x703DB38	0x8B94628	0x3B275F0
LiveryVinylSelect	.?AVLiveryVinylSelect@@	0x63A47D0	0	0x6FDE598	0x8B94600	0x381F9F0
Loading	.?AVLoading@@	0x6444E98	0	0x7054D10	0x8BDFF10	0x3C0ED10
MapEliminator	.?AVMapEliminator@@	0x64238B0	0	0x703C890	0x8BD0CE8	0x3B27670
MapScene	.?AVMapScene@@	0x6424280	0	0x703CB70	0x8BD0D10	0x3B276C0
MapSceneBase	.?AVMapSceneBase@@	0x6421110	0	0x703D980	0x8B28150	0x3B27710
MapSceneInteractive	.?AVMapSceneInteractive@@	0x62D39B8	0	0x6F4FED0	0x8B28120	0x341F590
MarketplaceAddOnSelect	.?AVMarketplaceAddOnSelect@@	0x630B9C8	0	0x6F77F30	0x8B41880	0x3556980
MarketplaceCarPacks	.?AVMarketplaceCarPacks@@	0x63018D8	0	0x6F74830	0x8B3EC78	0x351DD60
MarketplaceCarSelect	.?AVMarketplaceCarSelect@@	0x627D850	0	0x6F11400	0x8B05E08	0x3297300
MarketplacePackSelect	.?AVMarketplacePackSelect@@	0x627F380	0	0x6F11128	0x8B05DD8	0x3297380
MarketplacePurchaseOptions	.?AVMarketplacePurchaseOptions@@	0x62C0500	0	0x6F41B98	0x8B21D58	0x33C9C60
MatchmakingInProgressPromptPopup	.?AVMatchmakingInProgressPromptPopup@@	0x62C7458	0	0x6F46D50	0x8B242C0	0x33F8FC0
MessageCenter	.?AVMessageCenter@@	0x6359778	0	0x6FA7C90	0x8B3DD58	0x36900F0
MessageCenterAuctionHouse	.?AVMessageCenterAuctionHouse@@	0x635C3D8	0	0x6FA6158	0x8B5B610	0x3690140
MessageCenterBucketList	.?AVMessageCenterBucketList@@	0x6302360	0	0x6F70B10	0x8B3DD28	0x351DDE0
MessageCenterBusinessEarnings	.?AVMessageCenterBusinessEarnings@@	0x635D748	0	0x6FA67D8	0x8B5B678	0x3690240
MessageCenterCommunityNews	.?AVMessageCenterCommunityNews@@	0x635BA20	0	0x6FA6498	0x8B5B640	0x3690290
MessageCenterOnlineAdventureReward	.?AVMessageCenterOnlineAdventureReward@@	0x635CD90	0	0x6FA6B18	0x8B5B6B0	0x36902E0
MessageCenterRivals	.?AVMessageCenterRivals@@	0x635B068	0	0x6FA6E58	0x8B5B6F0	0x3690330
MessageCenterSocial	.?AVMessageCenterSocial@@	0x635A6B0	0	0x6FA5E20	0x8B5B5E0	0x36903A0
MinorObjectivesScene	.?AVMinorObjectivesScene@@	0x6302D68	0	0x6F71018	0x8B3DDC0	0x351DEB0
MonthlyRivalsSelect	.?AVMonthlyRivalsSelect@@	0x62D5118	0	0x6F4D350	0x8B27940	0x341F5E0
MulliganMenu	.?AVMulliganMenu@@	0x640A088	0	0x7028FA8	0x8BC4360	0x3A8D210
MultiPlaceholderScene	.?AVMultiPlaceholderScene@@	0x62EEE38	0	0x6F60678	0x8B34410	0x34ADF00
MyHorizonLife	.?AVMyHorizonLife@@	0x63964B8	0	0x6FD9838	0x8B91E80	0x37DFA60
MyStats	.?AVMyStats@@	0x629BAD8	0	0x6F23B20	0x8B0FF90	0x331DFA0
NavigationRestrictions	.?AVNavigationRestrictions@@	0x6375A50	0	0x6FB7068	0x8B65658	0x36F3030
NetworkWaitingForSignup	.?AVNetworkWaitingForSignup@@	0x643AC98	0	0x704D078	0x8BDAF20	0x3BCFA80
NonFunctionalLoadingScreen	.?AVNonFunctionalLoadingScreen@@	0x640AAB0	0	0x7029278	0x8BC4388	0x3A8D280
NonFunctionalScreen	.?AVNonFunctionalScreen@@	0x62EA940	0	0x6F5F598	0x8B342F8	0x34ADF90
Notifications	.?AVNotifications@@	0x642E390	0	0x70445C8	0x8BD6690	0x3B82CA0
OnlineAdventureFlyerView	.?AVOnlineAdventureFlyerView@@	0x6331010	0	0x6F90120	0x8B4EC38	0x35F5B80
OnlineAdventureFlyerViewBase	.?AVOnlineAdventureFlyerViewBase@@	0x632FD50	0	0x6F927B8	0x8B4EC00	0x35F5C80
OnlineAdventurePlayerList	.?AVOnlineAdventurePlayerList@@	0x63E6168	0	0x70127E8	0x8BB6B88	0x39D8530
OnlineAdventurePlayerSettings	.?AVOnlineAdventurePlayerSettings@@	0x63E6AC0	0	0x7013330	0x8BB6C38	0x39D85E0
OnlineConfirmation	.?AVOnlineConfirmation@@	0x63CF2A0	0	0x7000F50	0x8BABCF8	0x3948290
OnlinePartyList	.?AVOnlinePartyList@@	0x63FA4E0	0	0x701B378	0x8BBC168	0x3A2E240
OnlinePlayerList	.?AVOnlinePlayerList@@	0x63E7DD0	0	0x7012AC0	0x8BB6BB8	0x39D8630
OnlineSeasonalChampionship	.?AVOnlineSeasonalChampionship@@	0x63F3220	0	0x701A9B8	0x8BBC090	0x3A2E2F0
OpponentLabel	.?AVOpponentLabel@@	0x633B448	0	0x6F957D8	0x8B51018	0x3630130
OptionsMenu	.?AVOptionsMenu@@	0x630D240	0	0x6F78200	0x8B418B0	0x3556A20
OSVersion	.?AVOSVersion@@	0x62AB458	0	0x6F30780	0x8B16268	0x3354050
PartyMemberMissingEntitlementPopupPrompt	.?AVPartyMemberMissingEntitlementPopupPrompt@@	0x62C7DB0	0	0x6F47020	0x8B242F8	0x33F91C0
PartyMemberNotQualifiedForLifePromptPopup	.?AVPartyMemberNotQualifiedForLifePromptPopup@@	0x62C8708	0	0x6F472F0	0x8B24340	0x33F92B0
PatchSellSheet	.?AVPatchSellSheet@@	0x624B3E8	0	0x6EED818	0x8AEF8C0	0x3136130
PauseMenuTiled	.?AVPauseMenuTiled@@	0x63C6710	0	0x6FFA620	0x8BA82F0	0x38FEEB0
PCVideoOptions	.?AVPCVideoOptions@@	0x633C2F8	0	0x6F95AA8	0x8B51040	0x36301F0
PhotoAnalysis	.?AVPhotoAnalysis@@	0x640BE38	0	0x702A400	0x8BC44B8	0x3A8D310
PhotoModeScene	.?AVPhotoModeScene@@	0x6446760	0	0x7054FE0	0x8BDFF30	0x3C0EE50
PhotoViewer	.?AVPhotoViewer@@	0x64163C8	0	0x7034008	0x8BCB150	0x3AD8BB0
PlaceHolderLabel	.?AVPlaceHolderLabel@@	0x62ECED0	0	0x6F603B0	0x8B343E8	0x34AE530
PlaceholderScene	.?AVPlaceholderScene@@	0x62EDB68	0	0x6F64A10	0x8B34440	0x34AE5A0
PlaceholderSceneWithBack	.?AVPlaceholderSceneWithBack@@	0x62EE4D8	0	0x6F65040	0x8B36010	0x34AE680
PlaceholderTextScene	.?AVPlaceholderTextScene@@	0x62EF830	0	0x6F60A60	0x8B34468	0x34AE710
PlayerBusinessPurchase	.?AVPlayerBusinessPurchase@@	0x63319D8	0	0x6F906C8	0x8B4EC98	0x35F5CD0
PlayerBusinessSlotMenu	.?AVPlayerBusinessSlotMenu@@	0x643BD20	0	0x704D348	0x8BDAF50	0x3BCFBC0
PlayerHouseIntro	.?AVPlayerHouseIntro@@	0x63036C0	0	0x6F712F0	0x8B3DDF0	0x351E070
PlayerHousePurchase	.?AVPlayerHousePurchase@@	0x63323D0	0	0x6F903F0	0x8B4EC68	0x35F5D20
PlayerHouseUpgradeDetails	.?AVPlayerHouseUpgradeDetails@@	0x624C080	0	0x6EEDD38	0x8AEF940	0x3136180
PlayerNameSelect	.?AVPlayerNameSelect@@	0x633D048	0	0x6F95DD8	0x8B51068	0x3630430
PlayerSpotlightPanel	.?AVPlayerSpotlightPanel@@	0x624CA20	0	0x6EEE138	0x8AEF9A0	0x31361D0
PlaygroundGamesTypeMenu	.?AVPlaygroundGamesTypeMenu@@	0x63FB5F0	0	0x701B650	0x8BBC190	0x3A2E460
PopupBase	.?AVPopupBase@@	0x62CF508	0	0x6F4E6D0	0x8AFAE58	0x341F660
PopupBucketListBlueprintAttemptChallenge	.?AVPopupBucketListBlueprintAttemptChallenge@@	0x626B700	0	0x6F010C0	0x8AFADD0	0x3222CE0
PopupBucketListBlueprintUpload	.?AVPopupBucketListBlueprintUpload@@	0x643C940	0	0x704D628	0x8BDAF80	0x3BCFC80
PopupBuyTokens	.?AVPopupBuyTokens@@	0x628A700	0	0x6F17C28	0x8B08358	0x32C1730
PopupCarFilter	.?AVPopupCarFilter@@	0x6388D58	0	0x6FCA7F8	0x8B867B8	0x3771320
PopupClubAction	.?AVPopupClubAction@@	0x63AE4F8	0	0x6FE6710	0x8B98BE0	0x385CA20
PopupColorSliders	.?AVPopupColorSliders@@	0x63DB3E0	0	0x700A760	0x8BB11A8	0x3991A50
PopupCreateHorizonClub	.?AVPopupCreateHorizonClub@@	0x626CA78	0	0x6F019B8	0x8AFAEA8	0x3222D80
PopupCreatorInfo	.?AVPopupCreatorInfo@@	0x6416D38	0	0x70342E0	0x8BCB178	0x3AD8C60
PopupDownloadGiftedItem	.?AVPopupDownloadGiftedItem@@	0x63DBE48	0	0x700AA30	0x8BB11D0	0x3991AD0
PopupFileDetails	.?AVPopupFileDetails@@	0x64176A0	0	0x70345C0	0x8BCB1A0	0x3AD8D40
PopupGarageFull	.?AVPopupGarageFull@@	0x629C520	0	0x6F23DF0	0x8B0FFB0	0x331E260
PopupInstalling	.?AVPopupInstalling@@	0x629CE88	0	0x6F25320	0x8B10110	0x331E2B0
PopupLoadSave	.?AVPopupLoadSave@@	0x6368780	0	0x6FAFE00	0x8B3DE80	0x36BDDA0
PopupLoadSaveLivery	.?AVPopupLoadSaveLivery@@	0x63B8EE8	0	0x6FECB80	0x8B9D8D0	0x38B0E60
PopupLoadSaveLiveryCrossTitle	.?AVPopupLoadSaveLiveryCrossTitle@@	0x63DC808	0	0x7008270	0x8BB0F00	0x3991BB0
PopupLoadSaveLiveryGroup	.?AVPopupLoadSaveLiveryGroup@@	0x63B6CD0	0	0x6FECEB8	0x8B9D900	0x38B0F90
PopupLoadSaveLiveryGroupCrossTitle	.?AVPopupLoadSaveLiveryGroupCrossTitle@@	0x63DD588	0	0x70085B0	0x8BB0F38	0x3991C00
PopupLoadSavePhoto	.?AVPopupLoadSavePhoto@@	0x6369500	0	0x6FAB3D0	0x8B5E8E8	0x36BDDF0
PopupLoadSavePhotoCuration	.?AVPopupLoadSavePhotoCuration@@	0x64180A0	0	0x7033538	0x8BCB0C8	0x3AD8D90
PopupLoadSaveRoute	.?AVPopupLoadSaveRoute@@	0x6424DC0	0	0x703CE50	0x8B3DE50	0x3B27830
PopupLoadSaveRouteOnlineAdventure	.?AVPopupLoadSaveRouteOnlineAdventure@@	0x6304118	0	0x6F715C0	0x8B3DE18	0x351E0C0
PopupLoadSaveTune	.?AVPopupLoadSaveTune@@	0x63BBA68	0	0x6FED1F8	0x8B9D930	0x38B1040
PopupLoadSaveTuneCuration	.?AVPopupLoadSaveTuneCuration@@	0x6418EE0	0	0x70348A0	0x8BCB1C8	0x3AD8DE0
PopupMapFilter	.?AVPopupMapFilter@@	0x63A6148	0	0x6FDEA48	0x8B94650	0x381FB60
PopupMenu	.?AVPopupMenu@@	0x631F8B0	0	0x6F88810	0x8AFAE10	0x35BC570
PopupMenuPhraseSwap	.?AVPopupMenuPhraseSwap@@	0x62C1028	0	0x6F41E70	0x8B21D90	0x33C9E80
PopupMessageBox	.?AVPopupMessageBox@@	0x62CFE68	0	0x6F4DBE0	0x8AFAE30	0x341F7E0
PopupPlayerAction	.?AVPopupPlayerAction@@	0x63E7430	0	0x7013600	0x8BB6C70	0x39D88B0
PopupQuitHorizonClub	.?AVPopupQuitHorizonClub@@	0x643EA30	0	0x704E4B0	0x8BDB080	0x3BCFE20
PopupRateGame	.?AVPopupRateGame@@	0x62F6B20	0	0x6F6A8F0	0x8B3A9D8	0x34EBD40
PopupReportAuction	.?AVPopupReportAuction@@	0x644D008	0	0x705AD58	0x8BE4368	0x3C3DFB0
PopupReportLicensePlate	.?AVPopupReportLicensePlate@@	0x644D998	0	0x705AA78	0x8BE4338	0x3C3E050
PopupReportStorefrontContent	.?AVPopupReportStorefrontContent@@	0x644C678	0	0x705A680	0x8BE42D0	0x3C3E120
PopupRivalsServerError	.?AVPopupRivalsServerError@@	0x62C9060	0	0x6F475C0	0x8B24380	0x33F93A0
PopupRivalsServerErrorResolved	.?AVPopupRivalsServerErrorResolved@@	0x62C99C8	0	0x6F47898	0x8B243B0	0x33F93F0
PopupSafetyNet	.?AVPopupSafetyNet@@	0x62CA330	0	0x6F48AA0	0x8B24510	0x33F9440
PopupSaveData	.?AVPopupSaveData@@	0x6389840	0	0x6FCAAD8	0x8B867E0	0x37713C0
PopupSendGiftItem	.?AVPopupSendGiftItem@@	0x62D6898	0	0x6F4E070	0x8B279F8	0x341F830
PopupShareContent	.?AVPopupShareContent@@	0x63EA060	0	0x7014A10	0x8B3ABD8	0x39D8A90
PopupShareLivery	.?AVPopupShareLivery@@	0x63BADC8	0	0x6FEE0B0	0x8B9D9F8	0x38B11C0
PopupShareLiveryGroup	.?AVPopupShareLiveryGroup@@	0x636AB28	0	0x6FAB6D8	0x8B5E918	0x36BDE80
PopupSharePhoto	.?AVPopupSharePhoto@@	0x6369FB8	0	0x6FAB9F0	0x8B5E948	0x36BDFB0
PopupShareTune	.?AVPopupShareTune@@	0x62F74B0	0	0x6F6C1E0	0x8B3ABB0	0x34EBDD0
PopupShowAchievements	.?AVPopupShowAchievements@@	0x62CACA0	0	0x6F48D70	0x8B24538	0x33F9530
PopupShowPlayerCard	.?AVPopupShowPlayerCard@@	0x6325490	0	0x6F889C8	0x8B49660	0x35BC5E0
PopupSingleSelection	.?AVPopupSingleSelection@@	0x62D7240	0	0x6F4DD98	0x8B279C8	0x341F8D0
PopupStaffCode	.?AVPopupStaffCode@@	0x6432E88	0	0x7044BA8	0x8BD66E0	0x3B83870
PopupStartOnlineEvent	.?AVPopupStartOnlineEvent@@	0x6325DF0	0	0x6F87B00	0x8B49598	0x35BC650
PopupSuper7StickTwist	.?AVPopupSuper7StickTwist@@	0x626DC28	0	0x6F016F0	0x8AFAE78	0x3222DD0
PopupUserContentSearch	.?AVPopupUserContentSearch@@	0x63A51C8	0	0x6FDED28	0x8B3AC00	0x381FBC0
PopupWaitMessageBox	.?AVPopupWaitMessageBox@@	0x62C4518	0	0x6F467A0	0x8B24260	0x33F9580
PopupWin10SignIn	.?AVPopupWin10SignIn@@	0x630DC48	0	0x6F78500	0x8B418D8	0x3556B00
PostRaceAccolades	.?AVPostRaceAccolades@@	0x63988A8	0	0x6FD9B10	0x8B91EA8	0x37DFB60
PostRaceAccoladesRewards	.?AVPostRaceAccoladesRewards@@	0x63D1AE0	0	0x7000030	0x8BABBD8	0x39482E0
PostRaceBase	.?AVPostRaceBase@@	0x6396EC0	0	0x6FDA450	0x8B3AA68	0x37DFC40
PostRaceBucketListStarsWithInput	.?AVPostRaceBucketListStarsWithInput@@	0x62F7EF0	0	0x6F6ABC0	0x8B3AA00	0x34EBEF0
PostRaceContinue	.?AVPostRaceContinue@@	0x6399358	0	0x6FD9DE8	0x8B91ED0	0x37DFCD0
PostRaceEventObjectiveRewards	.?AVPostRaceEventObjectiveRewards@@	0x63D1188	0	0x7000410	0x8BABC38	0x3948330
PostRaceEventResults	.?AVPostRaceEventResults@@	0x640D1F0	0	0x7029550	0x8BC43C0	0x3A8D580
PostRaceFinishLine	.?AVPostRaceFinishLine@@	0x633E6F8	0	0x6F960E0	0x8B51090	0x3630480
PostRaceFinishPosition	.?AVPostRaceFinishPosition@@	0x633F060	0	0x6F964C0	0x8B510F8	0x36304D0
PostRaceFinishPositionBase	.?AVPostRaceFinishPositionBase@@	0x633DD30	0	0x6F9A068	0x8B510C0	0x3630520
PostRaceOnlineRoadTripComplete	.?AVPostRaceOnlineRoadTripComplete@@	0x6326750	0	0x6F87DC8	0x8B495C8	0x35BC740
PostRacePodiumFinish	.?AVPostRacePodiumFinish@@	0x6292C30	0	0x6F209B8	0x8B0E900	0x32F7720
PostRaceRivalsChallengeChoice	.?AVPostRaceRivalsChallengeChoice@@	0x640DDA8	0	0x7029818	0x8BC43F0	0x3A8D5D0
PostRaceSeasonalRewards	.?AVPostRaceSeasonalRewards@@	0x63D0830	0	0x70006E0	0x8BABC70	0x3948380
PostRaceSeriesRewards	.?AVPostRaceSeriesRewards@@	0x63CFEA0	0	0x7003420	0x8BABC08	0x39483D0
PostRaceTeamFinish	.?AVPostRaceTeamFinish@@	0x6293588	0	0x6F20C88	0x8B0E930	0x32F7790
PostRaceTeamScore	.?AVPostRaceTeamScore@@	0x63D30F0	0	0x70009B0	0x8BABCA0	0x3948420
PostRaceUGCRating	.?AVPostRaceUGCRating@@	0x62F8948	0	0x6F6B0D0	0x8B3AA90	0x34EBFD0
PostRaceXP	.?AVPostRaceXP@@	0x6399E78	0	0x6FDA0B8	0x8B91EF8	0x37DFD70
PreRaceBucketListDescription	.?AVPreRaceBucketListDescription@@	0x62F9C40	0	0x6F6B398	0x8B3AAB8	0x34EC020
PreRaceBucketListInfo	.?AVPreRaceBucketListInfo@@	0x62F92D8	0	0x6F6B798	0x8B3AAF0	0x34EC070
PreRaceChampionshipStandings	.?AVPreRaceChampionshipStandings@@	0x640E7A0	0	0x7029AE8	0x8BC4428	0x3A8D620
PreRaceCutsceneChampionshipInfo	.?AVPreRaceCutsceneChampionshipInfo@@	0x6293F20	0	0x6F218F8	0x8B0EA00	0x32F7820
PreRaceCutsceneTrackName	.?AVPreRaceCutsceneTrackName@@	0x6332D80	0	0x6F909A8	0x8B4ECC8	0x35F5DB0
PreRaceEncounter	.?AVPreRaceEncounter@@	0x633FA20	0	0x6F96790	0x8B51128	0x3630570
PreRaceEventInfo	.?AVPreRaceEventInfo@@	0x6294888	0	0x6F20F58	0x8B0E960	0x32F78C0
PreRaceMenuTiled	.?AVPreRaceMenuTiled@@	0x64258E8	0	0x703D058	0x8BD0D30	0x3B27880
PreRaceRoadTripDestinationResults	.?AVPreRaceRoadTripDestinationResults@@	0x6280BF0	0	0x6F116D8	0x8B05E38	0x3297920
PreRaceTeamRevealPanel	.?AVPreRaceTeamRevealPanel@@	0x63EAAD8	0	0x7012D90	0x8BB6BE0	0x39D8C50
PrivateAdventureSettings	.?AVPrivateAdventureSettings@@	0x633A838	0	0x6F950F8	0x8B50F80	0x3630630
PrivateAdventureSetupRoot	.?AVPrivateAdventureSetupRoot@@	0x643F3B0	0	0x704C900	0x8BDAEC0	0x3BCFE70
PropPlacementHud	.?AVPropPlacementHud@@	0x63DEA70	0	0x70092A8	0x8BB1038	0x3991E50
PurchaseAsyncPopupGaming	.?AVPurchaseAsyncPopupGaming@@	0x630C328	0	0x6F79F68	0x8B41AF0	0x3556B50
QuickChatContextSelect	.?AVQuickChatContextSelect@@	0x62FA608	0	0x6F6B950	0x8B3AB20	0x34EC0C0
QuickChatPhraseSelectPopup	.?AVQuickChatPhraseSelectPopup@@	0x62C1AC0	0	0x6F42150	0x8B21DC0	0x33CA150
RareCarDealershipShop	.?AVRareCarDealershipShop@@	0x6260928	0	0x6EFA6E8	0x8AF7F20	0x319BAB0
Rebuilds	.?AVRebuilds@@	0x629E458	0	0x6F243B0	0x8B10018	0x331E680
RebuildsFilterPopup	.?AVRebuildsFilterPopup@@	0x629EFC0	0	0x6F25600	0x8B10138	0x331E6D0
ReplayHud	.?AVReplayHud@@	0x63DF810	0	0x7009578	0x8BB1060	0x3991F20
RivalsDisciplineSelect	.?AVRivalsDisciplineSelect@@	0x62A06D8	0	0x6F24680	0x8B10038	0x331E7A0
RivalsEventSelect	.?AVRivalsEventSelect@@	0x62D4770	0	0x6F4D748	0x8B27970	0x341F9C0
RivalsLeaderboard	.?AVRivalsLeaderboard@@	0x639A8B0	0	0x6FD9558	0x8B91E58	0x37DFEB0
RivalsMenu	.?AVRivalsMenu@@	0x6295268	0	0x6F21228	0x8B0E988	0x32F7A40
RivalsResultsMenu	.?AVRivalsResultsMenu@@	0x63403E8	0	0x6F96A58	0x8B51150	0x36306C0
RivalsRouteSelect	.?AVRivalsRouteSelect@@	0x6304C98	0	0x6F71B78	0x8B3DEA8	0x351E360
RoadTripChampionshipStandings	.?AVRoadTripChampionshipStandings@@	0x63FC0E8	0	0x701B928	0x8BBC1C0	0x3A2E520
RoadTripConvoyMessageBox	.?AVRoadTripConvoyMessageBox@@	0x6327100	0	0x6F880A8	0x8B49600	0x35BC7B0
RoadTripDestinationResults	.?AVRoadTripDestinationResults@@	0x62801F8	0	0x6F11AC0	0x8B05E70	0x3297A30
RouteBlueprintCheckpointEditor	.?AVRouteBlueprintCheckpointEditor@@	0x63E0BD0	0	0x70098F0	0x8BB10B8	0x3992090
RouteBlueprintHud	.?AVRouteBlueprintHud@@	0x63E0200	0	0x7009BC0	0x8BB10F0	0x39920E0
RouteBlueprintPostRaceMenu	.?AVRouteBlueprintPostRaceMenu@@	0x638A1B8	0	0x6FCA528	0x8B86780	0x3771540
RouteBlueprintSaveRoutePopup	.?AVRouteBlueprintSaveRoutePopup@@	0x63FD3C0	0	0x701BFF0	0x8BBC260	0x3A2E5B0
RouteBlueprintTestRoutePopup	.?AVRouteBlueprintTestRoutePopup@@	0x63FCA58	0	0x701BD10	0x8BBC228	0x3A2E620
RuleTreeMenu	.?AVRuleTreeMenu@@	0x62A10C8	0	0x6F24950	0x8B10068	0x331E830
SceneList	.?AVSceneList@@	0x6281690	0	0x6F12190	0x8B05F28	0x3297A80
SeasonCampaignSlotMenu	.?AVSeasonCampaignSlotMenu@@	0x63F27F8	0	0x701C2D0	0x8BBC298	0x3A2E690
SeasonTransitionFMVLoading	.?AVSeasonTransitionFMVLoading@@	0x6430DA0	0	0x7044E88	0x8BD6708	0x3B838C0
SellSheetBase	.?AVSellSheetBase@@	0x624A050	0	0x6EEEBF0	0x8AEF918	0x3136260
ShowCaseCampaignSlotMenu	.?AVShowCaseCampaignSlotMenu@@	0x63F4570	0	0x701C5B8	0x8BBC2C8	0x3A2E8D0
SignIn	.?AVSignIn@@	0x63E5780	0	0x7013938	0x8BB6C98	0x39D9020
SkillTreeMenu	.?AVSkillTreeMenu@@	0x63FDEA0	0	0x701C9E0	0x8BBC328	0x3A2E920
SoloCustomAdventureSettings	.?AVSoloCustomAdventureSettings@@	0x6339ED0	0	0x6F954F8	0x8B50FE0	0x36307B0
SpeedTrapLeaderboard	.?AVSpeedTrapLeaderboard@@	0x643FD60	0	0x704DC10	0x8BDAFF0	0x3BCFEC0
SpinnerPopupBase	.?AVSpinnerPopupBase@@	0x62D7D18	0	0x6F50EC0	0x8B100E8	0x341FA10
Splash	.?AVSplash@@	0x6447450	0	0x7055358	0x8BDFF90	0x3C0EEA0
SplashE3	.?AVSplashE3@@	0x6432520	0	0x7045160	0x8BD6740	0x3B839D0
StartingGrid	.?AVStartingGrid@@	0x63EB468	0	0x7013058	0x8BB6C10	0x39D9070
StateflowGenericPopupBase	.?AVStateflowGenericPopupBase@@	0x62CBF98	0	0x6F4A580	0x8B24418	0x33F9A50
StateflowMenu	.?AVStateflowMenu@@	0x62CD258	0	0x6F47F60	0x8B24448	0x33F9AA0
StateflowMessageBox	.?AVStateflowMessageBox@@	0x62CC8F8	0	0x6F47B78	0x8B243E8	0x33F9AF0
StreetRaceCampaignSlotMenu	.?AVStreetRaceCampaignSlotMenu@@	0x63F3BD8	0	0x701CCB0	0x8BBC350	0x3A2E970
SubsetCarSelectBuy	.?AVSubsetCarSelectBuy@@	0x628B158	0	0x6F163C0	0x8B081B0	0x32C1850
Super7BonusRewards	.?AVSuper7BonusRewards@@	0x63D2438	0	0x7000C78	0x8BABCC8	0x3948670
Super7EventSelect	.?AVSuper7EventSelect@@	0x6305860	0	0x6F71E50	0x8B3DED0	0x351E480
Super7MenuTiled	.?AVSuper7MenuTiled@@	0x6340DD8	0	0x6F96D28	0x8B51178	0x3630870
TeamChampionshipStandings	.?AVTeamChampionshipStandings@@	0x63FED00	0	0x701CF98	0x8BBC388	0x3A2EA10
TeamCredits	.?AVTeamCredits@@	0x6434990	0	0x7045428	0x8BD6760	0x3B83BA0
TeamCreditsVideo	.?AVTeamCreditsVideo@@	0x6435308	0	0x7045700	0x8BD6788	0x3B83D80
TelemetryScene	.?AVTelemetryScene@@	0x63B29C0	0	0x6FE5E80	0x8B98B58	0x385CC90
TestCustomRenderersScene	.?AVTestCustomRenderersScene@@	0x630E5C8	0	0x6F7A248	0x8B41B20	0x3556BF0
Tombola	.?AVTombola@@	0x630F8D8	0	0x6F787D0	0x8B41900	0x3556CE0
TombolaPanel	.?AVTombolaPanel@@	0x630EF80	0	0x6F7BEB0	0x8B41920	0x3556DE0
TrackSwapPromptPopup	.?AVTrackSwapPromptPopup@@	0x62A1CC0	0	0x6F24C50	0x8B10090	0x331EAF0
TrailblazerLeaderboard	.?AVTrailblazerLeaderboard@@	0x64406F0	0	0x704DEE8	0x8BDB020	0x3BCFFE0
TuneMenu	.?AVTuneMenu@@	0x6419D18	0	0x7034BE0	0x8BCB1F8	0x3AD8FE0
TyreCheck	.?AVTyreCheck@@	0x63417F8	0	0x6F97008	0x8B511A0	0x3630910
UIPage	.?AVUIPage@@	0x5F1F320	0	0x69A4D48	0x857F228	0x14607F0
UpgradeBasketPopup	.?AVUpgradeBasketPopup@@	0x638AB10	0	0x6FCADB8	0x8B86808	0x3771690
UpgradeCarAreas	.?AVUpgradeCarAreas@@	0x6426E18	0	0x703D338	0x8BD0D58	0x3B27980
UpgradeCarAspirationConversions	.?AVUpgradeCarAspirationConversions@@	0x63E1628	0	0x7009E88	0x8BB1118	0x3992220
UpgradeCarConfirmPopup	.?AVUpgradeCarConfirmPopup@@	0x63B34B8	0	0x6FE6428	0x8B98BB0	0x385CEC0
UpgradeCarParts	.?AVUpgradeCarParts@@	0x641B1D0	0	0x7033A08	0x8BCB100	0x3AD90A0
UpgradeCarPreset	.?AVUpgradeCarPreset@@	0x63BCB08	0	0x6FEDDD8	0x8B9D9D0	0x38B1330
UpgradeCarTypes	.?AVUpgradeCarTypes@@	0x640FAA0	0	0x7029DC0	0x8BC4460	0x3A8D670
UpgradeCarTypesAutovista	.?AVUpgradeCarTypesAutovista@@	0x6410448	0	0x702A0D8	0x8BC4488	0x3A8D6E0
UpgradeCarWheelCategories	.?AVUpgradeCarWheelCategories@@	0x6310280	0	0x6F78E10	0x8B419A8	0x3556E30
UpgradeCarWheelStyles	.?AVUpgradeCarWheelStyles@@	0x6310C58	0	0x6F79270	0x8B41A08	0x3556E80
UpgradesMenu	.?AVUpgradesMenu@@	0x641C5C0	0	0x7033D30	0x8BCB128	0x3AD9140
UserContentDesignPopup	.?AVUserContentDesignPopup@@	0x64113C0	0	0x702A6E0	0x8BC44E0	0x3A8D7C0
UserContentShowroom	.?AVUserContentShowroom@@	0x6427948	0	0x703D650	0x8BD0D80	0x3B27A20
UserContentVinylPopup	.?AVUserContentVinylPopup@@	0x63A6F00	0	0x6FDEEE0	0x8B94678	0x381FD30
VideoOptions	.?AVVideoOptions@@	0x64339E0	0	0x7044898	0x8BD66B8	0x3B83E70
VideoPlayer	.?AVVideoPlayer@@	0x6431720	0	0x70459D8	0x8B86758	0x3B83F60
ViewContributorsPopup	.?AVViewContributorsPopup@@	0x628BEC0	0	0x6F17F08	0x8B08380	0x32C1AB0
VirtualKeyboardPopup	.?AVVirtualKeyboardPopup@@	0x62D86B0	0	0x6F4E3F8	0x8B27A50	0x341FAB0
WaitForExpansionInstall	.?AVWaitForExpansionInstall@@	0x63283B8	0	0x6F88378	0x8B49630	0x35BC800
WaitForExpansionInstallPopup	.?AVWaitForExpansionInstallPopup@@	0x62CDBE0	0	0x6F48230	0x8B24470	0x33F9B40
WaitForInstall	.?AVWaitForInstall@@	0x6327A58	0	0x6F88658	0x8B05ED8	0x35BC880
WaitForInstallFromSplash	.?AVWaitForInstallFromSplash@@	0x62821A8	0	0x6F11C78	0x8B05EA8	0x3297C00
WelcomeToOnline	.?AVWelcomeToOnline@@	0x6295CB0	0	0x6F21628	0x8B0E9D8	0x32F7B40
